TMAC,2009-03
TMAC,2009-02
TMAC,2009-01
TMAC,2008-12
TMAC,2008-11
TMAC,2008-10
TMAC,2008-09
TMAC,2008-08
TMAC,2008-07
TMAC,2008-06
TMAC,2008-05
TMAC,2008-04
TMAC,2008-03
TMAC,2008-02
TMAC,2008-01
TMAC,2007-12
TMAC,2007-11
TMAC,2007-10
TMAC,2007-09
TMAC,2007-08
TMAC,2007-07
TMAC,2007-06
TMAC,2007-05
TMAC,2007-04
TMAC,2007-03
TMAC,2007-02
TMAC,2007-01
TMAC,2006-12
TMAC,2006-11
TMAC,2006-10
TMAC,2006-09
TMAC,2006-08
TMAC,2006-07
TMAC,2006-06
TMAC,2006-05
TMAC,2006-04
TMAC,2006-03
TMAC,2006-02
TMAC,2006-01
TMAC,2005-12
TMAC,2005-11
TMAC,2005-10
TMAC,2005-09
TMAC,2005-08
TMAC,2004-10
TMAC,2004-09
TMAC,2004-04
