AURA33,2022-03-31 00:00:00,DR3,6980,0.0028499999999999997,95537,4306906,0.00017,45.98,44.63,45.98,45.08,44.95
AURA33,2022-03-30 00:00:00,DR3,13214,0.00477,229701,10415992,0.00043999999999999996,45.14,44.5,46.09,45.34,45.5
AURA33,2022-03-29 00:00:00,DR3,5367,0.00178,161598,7224269,0.00025,44.86,44.19,45.17,44.7,45.14
AURA33,2022-03-28 00:00:00,DR3,3956,0.00165,111649,5069065,0.00025,46.75,44.66,46.91,45.4,44.79
AURA33,2022-03-25 00:00:00,DR3,10430,0.00313,229756,10731571,0.00039,48.15,45.9,48.2,46.7,46.27
AURA33,2022-03-24 00:00:00,DR3,6006,0.00184,144854,7003524,0.00026,48.63,48.1,48.98,48.34,48.2
AURA33,2022-03-23 00:00:00,DR3,5530,0.0020399999999999997,70502,3443838,0.00014000000000000001,49.25,48.17,49.45,48.84,49.0
AURA33,2022-03-22 00:00:00,DR3,5738,0.00168,127888,6221836,0.00024,48.9,48.03,49.33,48.65,49.25
AURA33,2022-03-21 00:00:00,DR3,5242,0.00194,95263,4712105,0.00021,49.5,48.5,50.12,49.46,48.9
AURA33,2022-03-18 00:00:00,DR3,6957,0.00214,209713,10445710,0.00025,50.0,49.16,50.85,49.8,49.16
AURA33,2022-03-17 00:00:00,DR3,9702,0.00317,166835,8410708,0.00026,49.46,49.0,51.09,50.41,50.0
AURA33,2022-03-16 00:00:00,DR3,6796,0.00215,93248,4639066,0.00014000000000000001,50.29,49.3,50.58,49.74,49.6
AURA33,2022-03-15 00:00:00,DR3,6388,0.00194,257735,12784650,0.00047,50.0,48.26,50.29,49.6,50.29
AURA33,2022-03-14 00:00:00,DR3,5744,0.00217,143574,7060310,0.00032,49.86,48.15,49.86,49.17,49.5
AURA33,2022-03-11 00:00:00,DR3,10142,0.00345,148946,7309246,0.00028000000000000003,49.19,47.83,50.0,49.07,50.0
AURA33,2022-03-10 00:00:00,DR3,6888,0.00218,176461,8647356,0.00031,48.1,48.03,49.95,49.0,49.19
AURA33,2022-03-09 00:00:00,DR3,5049,0.0013700000000000001,121553,5862072,0.00017999999999999998,49.07,47.7,49.43,48.22,48.1
AURA33,2022-03-08 00:00:00,DR3,9310,0.0025,281109,13765217,0.00039,49.01,47.7,50.05,48.96,49.07
AURA33,2022-03-07 00:00:00,DR3,18713,0.00524,644538,31046984,0.0009,49.5,47.0,49.5,48.16,48.5
AURA33,2022-03-04 00:00:00,DR3,19083,0.00642,491379,22201553,0.0008699999999999999,43.52,43.52,46.25,45.18,45.15
AURA33,2022-03-03 00:00:00,DR3,35301,0.01107,994557,43710304,0.00151,43.97,41.8,45.33,43.94,44.0
AURA33,2022-03-02 00:00:00,DR3,17789,0.00641,715804,30826931,0.0012,42.05,41.06,45.36,43.06,43.91
AURA33,2022-02-25 00:00:00,DR3,4994,0.0014299999999999998,140899,7046627,0.00018999999999999998,50.0,49.25,50.68,50.01,50.0
AURA33,2022-02-24 00:00:00,DR3,10453,0.00265,227509,11712898,0.00032,53.0,49.85,53.0,51.48,50.46
AURA33,2022-02-23 00:00:00,DR3,10027,0.00328,116620,5939900,0.00021999999999999998,51.8,50.03,51.83,50.93,50.84
AURA33,2022-02-22 00:00:00,DR3,4828,0.0017699999999999999,124648,6476156,0.00024,52.04,50.4,52.82,51.95,51.8
AURA33,2022-02-21 00:00:00,DR3,5775,0.0028299999999999996,136534,7217087,0.00045,52.5,51.88,53.83,52.85,52.0
AURA33,2022-02-18 00:00:00,DR3,5927,0.00234,113192,5955664,0.00026,54.0,50.31,54.0,52.61,52.98
AURA33,2022-02-17 00:00:00,DR3,6282,0.00243,307124,16184086,0.00065,51.7,51.56,54.0,52.69,54.0
AURA33,2022-02-16 00:00:00,DR3,2450,0.00078,92556,4727793,0.00010999999999999999,50.95,50.26,51.55,51.08,51.55
AURA33,2022-02-15 00:00:00,DR3,4290,0.00146,83794,4274116,0.00016,52.25,50.64,52.25,51.0,51.0
AURA33,2022-02-14 00:00:00,DR3,20479,0.00777,172784,9017479,0.00039,51.51,51.36,53.0,52.18,52.25
AURA33,2022-02-11 00:00:00,DR3,4101,0.00117,165160,8378041,0.00021,50.5,49.87,51.47,50.72,51.47
AURA33,2022-02-10 00:00:00,DR3,8219,0.0028299999999999996,103343,5225527,0.00017999999999999998,50.44,49.8,51.24,50.56,50.5
AURA33,2022-02-09 00:00:00,DR3,2519,0.0008799999999999999,46638,2335860,8e-05,50.09,49.7,50.58,50.08,50.44
AURA33,2022-02-08 00:00:00,DR3,3461,0.0014000000000000002,108718,5426896,0.00024,49.87,49.36,50.28,49.91,50.0
AURA33,2022-02-07 00:00:00,DR3,7517,0.00297,120724,6038573,0.00026,51.22,49.6,51.22,50.01,50.0
AURA33,2022-02-04 00:00:00,DR3,2325,0.0008500000000000001,60326,3069939,0.00013,50.37,50.2,51.44,50.88,51.22
AURA33,2022-02-03 00:00:00,DR3,4549,0.0017399999999999998,107296,5441408,0.00025,51.29,50.0,51.31,50.71,51.0
AURA33,2022-02-02 00:00:00,DR3,4688,0.0017100000000000001,186895,9338107,0.00041,49.2,48.41,51.29,49.96,51.29
AURA33,2022-02-01 00:00:00,DR3,4613,0.00155,202522,9743448,0.0004,47.21,46.76,49.11,48.11,49.11
AURA33,2022-01-31 00:00:00,DR3,5294,0.00184,84574,3961330,0.00015,46.56,46.05,47.25,46.83,47.0
AURA33,2022-01-28 00:00:00,DR3,4441,0.0015,106209,4918330,0.00017,46.8,45.91,47.66,46.3,46.56
AURA33,2022-01-27 00:00:00,DR3,6408,0.0020599999999999998,151998,7259988,0.00021999999999999998,48.95,47.0,49.1,47.76,47.2
AURA33,2022-01-26 00:00:00,DR3,8885,0.0023599999999999997,174059,8605075,0.00025,51.0,48.64,51.0,49.43,49.0
AURA33,2022-01-25 00:00:00,DR3,2224,0.0007099999999999999,150789,7435178,0.00027,48.15,47.66,51.0,49.3,51.0
AURA33,2022-01-24 00:00:00,DR3,6272,0.00196,182958,8700657,0.00032,48.0,46.6,48.9,47.55,48.51
AURA33,2022-01-21 00:00:00,DR3,3031,0.00098,70391,3378195,0.00013,48.0,47.36,48.65,47.99,47.91
AURA33,2022-01-20 00:00:00,DR3,2668,0.00083,95972,4632647,0.00017,48.5,47.61,49.07,48.27,48.0
AURA33,2022-01-19 00:00:00,DR3,3366,0.00113,132414,6194731,0.00024,45.5,45.5,47.65,46.78,47.65
AURA33,2022-01-18 00:00:00,DR3,3418,0.0011799999999999998,64608,2931061,0.00013,45.75,45.0,45.86,45.36,45.5
AURA33,2022-01-17 00:00:00,DR3,1571,0.0007599999999999999,28301,1288949,0.0001,45.86,45.01,45.96,45.54,45.9
AURA33,2022-01-14 00:00:00,DR3,3479,0.00132,112064,5126800,0.00021999999999999998,46.14,45.0,46.5,45.74,45.86
AURA33,2022-01-13 00:00:00,DR3,5536,0.002,61584,2834149,0.00012,46.35,45.3,46.7,46.02,46.7
AURA33,2022-01-12 00:00:00,DR3,4979,0.00155,106976,4900547,0.00015,45.15,44.8,46.32,45.8,46.3
AURA33,2022-01-11 00:00:00,DR3,8052,0.0026,197698,8595544,0.00035000000000000005,41.7,41.7,44.61,43.47,44.61
AURA33,2022-01-10 00:00:00,DR3,3192,0.00107,97929,4044831,0.00018999999999999998,42.5,40.51,42.62,41.3,41.7
AURA33,2022-01-07 00:00:00,DR3,6855,0.0022400000000000002,120569,4940686,0.00021,40.88,40.0,41.79,40.97,41.79
AURA33,2022-01-06 00:00:00,DR3,3574,0.0010299999999999999,95115,3944212,0.00017,42.5,40.88,42.69,41.46,40.88
AURA33,2022-01-05 00:00:00,DR3,5126,0.00146,125899,5452457,0.00021,44.1,41.88,44.46,43.3,41.88
AURA33,2022-01-04 00:00:00,DR3,4481,0.0014399999999999999,79166,3490414,0.00015,44.49,43.56,44.75,44.08,44.1
AURA33,2022-01-03 00:00:00,DR3,8738,0.00267,134752,5935671,0.00027,45.0,43.22,45.35,44.04,44.0
AURA33,2021-12-30 00:00:00,DR3,1385,0.00054,53578,2428796,0.0001,45.4,44.75,45.79,45.33,45.0
AURA33,2021-12-29 00:00:00,DR3,1879,0.00099,46584,2093170,0.00016,45.35,44.51,45.84,44.93,44.75
AURA33,2021-12-28 00:00:00,DR3,904,0.00048,54902,2501297,0.00017999999999999998,45.53,45.25,45.97,45.55,45.35
AURA33,2021-12-27 00:00:00,DR3,3273,0.0017100000000000001,60949,2760024,0.0002,44.5,44.11,45.77,45.28,45.7
AURA33,2021-12-23 00:00:00,DR3,4948,0.0025700000000000002,126254,5625935,0.0004,45.36,43.84,45.82,44.56,44.5
AURA33,2021-12-22 00:00:00,DR3,1826,0.0008500000000000001,54314,2464220,0.00015,45.79,44.85,45.79,45.36,45.36
AURA33,2021-12-21 00:00:00,DR3 ED,2124,0.00092,55590,2530061,0.00014000000000000001,45.38,44.6,45.83,45.51,45.79
AURA33,2021-12-20 00:00:00,DR3 ED,2300,0.00083,72718,3272906,0.00015,45.7,44.19,46.0,45.0,45.0
AURA33,2021-12-17 00:00:00,DR3 ED,5647,0.00179,190299,8816081,0.00025,47.0,46.0,47.3,46.32,46.0
AURA33,2021-12-16 00:00:00,DR3 ED,5481,0.0017399999999999998,58676,2691791,8.999999999999999e-05,45.09,45.02,47.0,45.87,47.0
AURA33,2021-12-15 00:00:00,DR3 ED,3037,0.00091,52792,2375482,5e-05,45.36,44.44,45.67,44.99,45.0
AURA33,2021-12-14 00:00:00,DR3 ED,2397,0.00082,51255,2329612,0.0001,45.85,45.03,46.11,45.45,45.36
AURA33,2021-12-13 00:00:00,DR3 ED,3525,0.00122,55736,2556935,0.0001,45.95,45.26,46.26,45.87,45.8
AURA33,2021-12-10 00:00:00,DR3 ED,3096,0.00111,77611,3549785,0.00017999999999999998,46.5,45.1,46.5,45.73,46.16
AURA33,2021-12-09 00:00:00,DR3,6333,0.00252,127433,6084859,0.00029,48.89,47.12,49.2,47.74,47.3
AURA33,2021-12-08 00:00:00,DR3,5453,0.00183,85556,4162647,0.00016,47.95,47.32,49.47,48.65,48.95
AURA33,2021-12-07 00:00:00,DR3,10335,0.00367,362288,17081528,0.00064,48.79,46.77,48.79,47.14,47.9
AURA33,2021-12-06 00:00:00,DR3,3540,0.0011899999999999999,126036,5918424,0.00024,46.84,45.81,48.0,46.95,48.0
AURA33,2021-12-03 00:00:00,DR3,7610,0.00215,133400,6154986,0.0002,45.21,45.21,46.9,46.13,46.0
AURA33,2021-12-02 00:00:00,DR3,2404,0.00063,128184,5754421,0.00017999999999999998,45.0,43.8,45.98,44.89,45.95
AURA33,2021-12-01 00:00:00,DR3,4295,0.0011,89336,4012186,0.00013,45.47,43.0,46.9,44.91,43.0
AURA33,2021-11-30 00:00:00,DR3,4486,0.00121,97617,4383800,0.00010999999999999999,46.0,44.2,46.35,44.9,44.25
AURA33,2021-11-29 00:00:00,DR3,3627,0.00122,64929,2992411,0.00014000000000000001,46.2,45.65,46.94,46.08,46.0
AURA33,2021-11-26 00:00:00,DR3,4348,0.0015,127049,5981295,0.00025,47.39,46.0,50.93,47.07,46.0
AURA33,2021-11-25 00:00:00,DR3,1150,0.00048,44383,2127913,0.00012,47.5,47.15,48.5,47.94,47.65
AURA33,2021-11-24 00:00:00,DR3,2590,0.00089,70222,3340934,0.00015,48.25,47.0,48.54,47.57,47.0
AURA33,2021-11-23 00:00:00,DR3,7954,0.0023599999999999997,96232,4651687,0.00017,49.2,47.6,50.0,48.33,48.0
AURA33,2021-11-22 00:00:00,DR3,2441,0.00089,44418,2190209,8.999999999999999e-05,49.62,48.7,50.39,49.3,49.25
AURA33,2021-11-19 00:00:00,DR3,3333,0.00121,64628,3246846,0.00013,50.97,49.5,51.0,50.23,49.5
AURA33,2021-11-18 00:00:00,DR3,3826,0.00132,53974,2749053,0.00010999999999999999,51.26,50.2,51.68,50.93,50.95
AURA33,2021-11-17 00:00:00,DR3,7226,0.00212,93029,4821165,0.00014000000000000001,52.94,51.12,52.94,51.82,51.25
AURA33,2021-11-16 00:00:00,DR3,5096,0.00155,96677,5081115,0.00021,52.93,51.5,53.52,52.55,51.5
AURA33,2021-11-12 00:00:00,DR3,2825,0.00089,45247,2405447,8e-05,54.0,52.54,54.6,53.16,52.68
AURA33,2021-11-11 00:00:00,DR3,16300,0.00486,411936,21877423,0.00078,51.0,50.8,54.73,53.1,54.0
AURA33,2021-11-10 00:00:00,DR3,11090,0.0034799999999999996,107715,5404881,0.00018999999999999998,49.5,48.85,51.38,50.17,51.3
AURA33,2021-11-09 00:00:00,DR3,7718,0.0026,70278,3511983,0.00014000000000000001,49.73,49.58,50.3,49.97,49.95
AURA33,2021-11-08 00:00:00,DR3,8829,0.0032,105986,5238108,0.00026,49.56,48.67,50.39,49.42,50.39
AURA33,2021-11-05 00:00:00,DR3,4899,0.00151,98062,4832750,0.00017,49.29,48.65,49.98,49.28,49.55
AURA33,2021-11-04 00:00:00,DR3,7921,0.00245,230449,11521000,0.00042,51.68,48.58,52.27,49.99,49.22
AURA33,2021-11-03 00:00:00,DR3,2680,0.00065,75347,3990909,0.00010999999999999999,54.09,52.59,54.09,52.96,52.78
AURA33,2021-11-01 00:00:00,DR3,2794,0.00099,43563,2357951,0.0001,53.15,53.15,54.82,54.12,54.1
AURA33,2021-10-29 00:00:00,DR3,2457,0.0007099999999999999,100101,5354831,0.00017999999999999998,53.61,52.02,54.13,53.49,54.13
AURA33,2021-10-28 00:00:00,DR3,3671,0.00122,67743,3625461,0.00014000000000000001,54.17,52.67,54.46,53.51,53.8
AURA33,2021-10-27 00:00:00,DR3,4819,0.0016300000000000002,104226,5689241,0.00023,56.03,53.73,56.38,54.58,54.47
AURA33,2021-10-26 00:00:00,DR3,6322,0.00197,66626,3721990,0.00015,56.24,55.12,56.51,55.86,56.51
AURA33,2021-10-25 00:00:00,DR3,5815,0.0016200000000000001,124593,6927355,0.00025,55.37,54.5,56.8,55.59,56.8
AURA33,2021-10-22 00:00:00,DR3,9666,0.00159,124670,6772186,0.00014000000000000001,54.55,53.35,55.48,54.32,55.48
AURA33,2021-10-21 00:00:00,DR3,2744,0.00067,122120,6557394,0.00017,54.0,52.0,55.39,53.69,55.39
AURA33,2021-10-20 00:00:00,DR3,2741,0.0008799999999999999,60211,3271399,0.00012,54.2,53.6,55.25,54.33,54.8
AURA33,2021-10-19 00:00:00,DR3,5371,0.0014099999999999998,118986,6488701,0.0002,55.0,53.92,55.0,54.53,54.25
AURA33,2021-10-18 00:00:00,DR3,5979,0.00203,66375,3626466,0.00013,54.8,54.1,54.99,54.63,54.72
AURA33,2021-10-15 00:00:00,DR3,3656,0.0013800000000000002,162891,8862158,0.00031,54.7,54.0,55.29,54.4,54.5
AURA33,2021-10-14 00:00:00,DR3,6807,0.00254,107691,5904810,0.00026,55.2,54.06,55.78,54.83,55.0
AURA33,2021-10-13 00:00:00,DR3,5432,0.00157,191182,10289637,0.00023,53.5,53.1,55.0,53.82,55.0
AURA33,2021-10-11 00:00:00,DR3,3724,0.0013900000000000002,89708,4871511,0.00018999999999999998,55.48,53.61,55.58,54.3,53.65
AURA33,2021-10-08 00:00:00,DR3,2642,0.0008,174237,9608473,0.0003,56.0,55.0,56.57,55.14,55.15
AURA33,2021-10-07 00:00:00,DR3,2054,0.0006900000000000001,63327,3525340,0.00012,56.68,55.05,56.68,55.66,55.55
AURA33,2021-10-06 00:00:00,DR3,4261,0.0012,114875,6453854,0.0002,56.5,55.8,56.9,56.18,56.0
AURA33,2021-10-05 00:00:00,DR3,2316,0.0008100000000000001,59800,3395787,0.00013,56.55,56.35,57.35,56.78,57.2
AURA33,2021-10-04 00:00:00,DR3,6379,0.0020499999999999997,111123,6338071,0.00021,57.83,56.2,58.95,57.03,56.55
AURA33,2021-10-01 00:00:00,DR3,5361,0.0017399999999999998,72046,4130178,0.00015,57.01,56.25,58.2,57.32,57.5
AURA33,2021-09-30 00:00:00,DR3,11725,0.00345,199412,11331097,0.00035000000000000005,56.5,55.67,57.97,56.82,57.47
AURA33,2021-09-29 00:00:00,DR3,1838,0.00063,41048,2306060,8e-05,56.36,55.67,56.79,56.17,56.5
AURA33,2021-09-28 00:00:00,DR3,1646,0.0005,37441,2123072,6e-05,57.2,56.12,57.59,56.7,56.75
AURA33,2021-09-27 00:00:00,DR3,1255,0.00043999999999999996,44540,2561973,8.999999999999999e-05,57.2,56.8,58.2,57.52,57.65
AURA33,2021-09-24 00:00:00,DR3,9268,0.00356,65853,3752967,0.00016,56.69,56.15,57.7,56.99,57.2
AURA33,2021-09-23 00:00:00,DR3,6488,0.00223,35292,2004776,7.000000000000001e-05,56.68,56.21,57.37,56.8,56.7
AURA33,2021-09-22 00:00:00,DR3,7509,0.00246,113383,6380914,0.0002,56.99,55.69,57.54,56.27,56.73
AURA33,2021-09-21 00:00:00,DR3,6110,0.00213,83835,4703536,0.00017999999999999998,55.49,55.01,57.04,56.1,56.79
AURA33,2021-09-20 00:00:00,DR3,4398,0.00134,132780,7341351,0.00025,55.43,54.68,56.28,55.28,55.49
AURA33,2021-09-17 00:00:00,DR3,5433,0.0017599999999999998,256822,14471868,0.00035999999999999997,58.3,55.67,58.3,56.34,55.67
AURA33,2021-09-16 00:00:00,DR3,22835,0.00835,181107,10593916,0.00039,59.15,57.79,60.0,58.49,58.6
AURA33,2021-09-15 00:00:00,DR3,14283,0.00538,198099,11902584,0.00035000000000000005,59.91,59.02,61.17,60.08,59.87
AURA33,2021-09-14 00:00:00,DR3,7054,0.0027700000000000003,162930,9839530,0.00043,60.29,58.7,61.22,60.39,59.91
AURA33,2021-09-13 00:00:00,DR3,13574,0.00507,149548,8984755,0.00039,58.61,58.61,60.69,60.07,60.3
AURA33,2021-09-10 00:00:00,DR3,5041,0.00154,104545,6150673,0.00023,59.52,58.0,59.52,58.83,58.6
AURA33,2021-09-09 00:00:00,DR3,10123,0.0027600000000000003,160743,9381183,0.00027,59.07,57.29,59.39,58.36,58.32
AURA33,2021-09-08 00:00:00,DR3,11659,0.00302,181375,10810820,0.00034,60.97,58.85,60.97,59.6,59.38
AURA33,2021-09-06 00:00:00,DR3,1460,0.00084,29941,1804653,0.00013,60.26,59.65,60.97,60.27,60.97
AURA33,2021-09-03 00:00:00,DR3,4896,0.00154,115599,6913977,0.00017999999999999998,59.12,58.7,60.64,59.81,59.99
AURA33,2021-09-02 00:00:00,DR3,4112,0.00127,62089,3697877,0.00013,60.15,58.99,60.15,59.55,58.99
AURA33,2021-09-01 00:00:00,DR3,4895,0.00156,97180,5861553,0.00021,60.9,59.41,60.92,60.31,60.15
AURA33,2021-08-31 00:00:00,DR3,2950,0.00098,75477,4570464,0.00013,60.7,59.8,61.03,60.55,61.03
AURA33,2021-08-30 00:00:00,DR3,9646,0.0042,137890,8333690,0.00043999999999999996,60.96,59.36,61.09,60.43,60.7
AURA33,2021-08-27 00:00:00,DR3,6115,0.00261,140505,8384244,0.00037999999999999997,58.49,57.67,61.47,59.67,60.7
AURA33,2021-08-26 00:00:00,DR3,14339,0.005370000000000001,70812,4124184,0.00017,59.46,57.67,59.47,58.24,57.96
AURA33,2021-08-25 00:00:00,DR3,13149,0.00526,84655,4961008,0.00021999999999999998,59.52,57.9,59.52,58.6,59.0
AURA33,2021-08-24 00:00:00,DR3,4978,0.00184,86879,5164893,0.00018999999999999998,59.53,58.75,60.0,59.44,59.0
AURA33,2021-08-23 00:00:00,DR3,12874,0.00482,155266,9105384,0.00039,58.5,57.65,59.55,58.64,59.0
AURA33,2021-08-20 00:00:00,DR3,7483,0.00263,154956,9132538,0.00033,58.17,57.99,60.25,58.93,58.1
AURA33,2021-08-19 00:00:00,DR3,6430,0.00181,143469,8189326,0.00024,57.49,55.69,58.68,57.08,57.98
AURA33,2021-08-18 00:00:00,DR3,9689,0.0023899999999999998,183891,10520518,0.00021999999999999998,58.4,56.13,58.4,57.21,57.98
AURA33,2021-08-17 00:00:00,DR3,9570,0.00231,245838,14098993,0.00042,58.15,56.05,59.05,57.35,57.95
AURA33,2021-08-16 00:00:00,DR3,14170,0.0036,163732,9602132,0.00032,60.49,57.77,60.99,58.64,58.4
AURA33,2021-08-13 00:00:00,DR3,7011,0.00219,182737,11136398,0.00039,62.6,60.25,62.6,60.94,60.49
AURA33,2021-08-12 00:00:00,DR3,5443,0.00181,114883,7171284,0.00024,63.98,61.77,63.98,62.42,62.5
AURA33,2021-08-11 00:00:00,DR3,4737,0.00183,72923,4620488,0.00017,63.4,63.0,63.99,63.36,63.99
AURA33,2021-08-10 00:00:00,DR3,4224,0.00165,90394,5755569,0.00023,63.9,63.25,64.63,63.67,63.4
AURA33,2021-08-09 00:00:00,DR3,5325,0.00221,127149,8188414,0.00035000000000000005,65.78,63.75,65.9,64.4,63.9
AURA33,2021-08-06 00:00:00,DR3,18132,0.00745,76784,5024765,0.00023,65.75,64.75,66.47,65.44,65.47
AURA33,2021-08-05 00:00:00,DR3,2537,0.00082,103060,6893491,0.0002,66.8,65.6,67.6,66.88,65.75
AURA33,2021-08-04 00:00:00,DR3,3217,0.00121,56305,3743860,0.00014000000000000001,66.0,65.95,66.89,66.49,66.86
AURA33,2021-08-03 00:00:00,DR3,2721,0.00097,303188,20133256,0.0006900000000000001,66.57,65.77,67.01,66.4,66.5
AURA33,2021-08-02 00:00:00,DR3,9120,0.0030399999999999997,89219,5960176,0.00021,66.25,66.0,67.25,66.8,66.57
AURA33,2021-07-30 00:00:00,DR3,4548,0.0016300000000000002,213796,14224372,0.00045,67.5,65.55,67.92,66.53,66.36
AURA33,2021-07-29 00:00:00,DR3,3507,0.00151,168754,11254616,0.00043999999999999996,65.93,65.04,67.5,66.69,67.2
AURA33,2021-07-28 00:00:00,DR3,2906,0.00113,88546,5787852,0.0002,65.5,64.93,65.93,65.36,65.93
AURA33,2021-07-27 00:00:00,DR3,3222,0.0014099999999999998,97509,6286081,0.00027,63.45,63.25,65.64,64.46,65.64
AURA33,2021-07-26 00:00:00,DR3,2930,0.0013800000000000002,107893,6916950,0.00033,64.4,63.52,64.73,64.1,64.11
AURA33,2021-07-23 00:00:00,DR3,2229,0.00113,97596,6254034,0.00034,64.35,63.25,64.4,64.08,64.4
AURA33,2021-07-22 00:00:00,DR3,5519,0.00268,94208,6037341,0.0003,64.18,63.52,64.85,64.08,64.35
AURA33,2021-07-21 00:00:00,DR3,4485,0.00198,107569,6882142,0.00031,63.2,63.2,64.52,63.97,64.2
AURA33,2021-07-20 00:00:00,DR3,4404,0.00198,111371,7004507,0.00031,63.1,62.5,63.95,62.89,63.18
AURA33,2021-07-19 00:00:00,DR3,5062,0.00185,159109,10042148,0.00037999999999999997,64.15,62.29,64.16,63.11,63.0
AURA33,2021-07-16 00:00:00,DR3,12492,0.00577,258652,16568293,0.0006900000000000001,65.0,63.55,65.49,64.05,63.8
AURA33,2021-07-15 00:00:00,DR3,5271,0.00214,285897,18578074,0.00075,65.3,64.63,65.8,64.98,65.0
AURA33,2021-07-14 00:00:00,DR3,5703,0.0020499999999999997,182984,11996239,0.00035000000000000005,66.49,65.11,66.49,65.55,65.3
AURA33,2021-07-13 00:00:00,DR3,6025,0.00267,225819,14933042,0.00068,66.5,65.8,67.24,66.12,66.0
AURA33,2021-07-12 00:00:00,DR3,15741,0.0060999999999999995,218265,14482723,0.0005899999999999999,67.5,65.4,67.97,66.35,66.32
AURA33,2021-07-08 00:00:00,DR3,5461,0.00215,171610,11591051,0.00043,68.02,66.75,68.65,67.54,67.09
AURA33,2021-07-07 00:00:00,DR3,6028,0.0022500000000000003,104854,7141032,0.00027,67.89,67.76,68.64,68.1,68.01
AURA33,2021-07-06 00:00:00,DR3,5283,0.0021,142486,9674740,0.0004,68.4,67.3,68.64,67.89,67.71
AURA33,2021-07-05 00:00:00,DR3,5601,0.00345,159235,10870623,0.00061,69.0,67.45,69.23,68.26,68.0
AURA33,2021-07-02 00:00:00,DR3,10779,0.00446,374096,25634716,0.00106,68.05,67.8,70.07,68.52,68.35
AURA33,2021-07-01 00:00:00,DR3,5327,0.00181,263930,18147105,0.00062,69.0,67.9,70.27,68.75,68.0
AURA33,2021-06-30 00:00:00,DR3,3247,0.00116,206893,14074933,0.00048,66.2,66.0,68.7,68.03,68.7
AURA33,2021-06-29 00:00:00,DR3,4887,0.00207,130082,8619309,0.00034,66.98,65.76,67.24,66.26,66.5
AURA33,2021-06-28 00:00:00,DR3,2458,0.00106,94465,6332892,0.00025,66.71,66.7,67.9,67.03,66.84
AURA33,2021-06-25 00:00:00,DR3,4168,0.00154,97135,6594724,0.00021999999999999998,67.94,67.35,68.57,67.89,67.7
AURA33,2021-06-24 00:00:00,DR3,8248,0.0034200000000000003,784985,53327777,0.0021,68.75,66.85,69.23,67.93,67.9
AURA33,2021-06-23 00:00:00,DR3,5393,0.00223,177533,12244153,0.00046,68.6,68.12,69.6,68.96,69.25
AURA33,2021-06-22 00:00:00,DR3,6098,0.00217,357348,24583963,0.00086,68.5,67.54,69.5,68.79,68.6
AURA33,2021-06-21 00:00:00,DR3,8856,0.00369,262098,17780996,0.00074,67.45,66.27,69.06,67.84,68.5
AURA33,2021-06-18 00:00:00,DR3,21665,0.00776,2394148,163110648,0.0039900000000000005,65.35,64.01,68.49,68.12,68.49
AURA33,2021-06-17 00:00:00,DR3,19797,0.006889999999999999,735530,48367088,0.00154,67.98,64.88,68.38,65.75,65.36
AURA33,2021-06-16 00:00:00,DR3,16122,0.00477,396143,27229668,0.00042,69.0,68.0,69.71,68.73,68.53
AURA33,2021-06-15 00:00:00,DR3,14930,0.0063,468685,32306279,0.00133,68.2,67.5,69.73,68.92,69.0
AURA33,2021-06-14 00:00:00,DR3,27405,0.011040000000000001,1188844,79838753,0.00314,63.5,63.3,68.56,67.15,68.09
AURA33,2021-06-11 00:00:00,DR3,6438,0.0029,147990,9446169,0.0004,65.0,61.81,65.52,63.82,63.81
AURA33,2021-06-10 00:00:00,DR3,5261,0.0022400000000000002,106199,6944530,0.00026,65.5,65.15,65.56,65.39,65.32
AURA33,2021-06-09 00:00:00,DR3,38221,0.01436,228124,14960623,0.00048,66.48,64.7,66.62,65.58,65.6
AURA33,2021-06-08 00:00:00,DR3,5892,0.00201,126695,8451907,0.00026,66.43,66.11,66.98,66.71,66.7
AURA33,2021-06-07 00:00:00,DR3,5086,0.0018599999999999999,134205,8886209,0.00029,66.0,65.81,66.47,66.21,66.3
AURA33,2021-06-04 00:00:00,DR3,4118,0.00134,144694,9589199,0.00031,66.8,65.6,66.9,66.27,66.25
AURA33,2021-06-02 00:00:00,DR3,7202,0.00216,333597,22273657,0.0005899999999999999,66.8,66.12,67.34,66.76,66.6
AURA33,2021-06-01 00:00:00,DR3,6453,0.0017000000000000001,187842,12526931,0.00032,66.7,65.8,67.7,66.68,66.8
AURA33,2021-05-31 00:00:00,DR3,3623,0.00158,103489,6863161,0.00035000000000000005,66.42,65.2,66.7,66.31,66.59
AURA33,2021-05-28 00:00:00,DR3,4036,0.00161,94114,6222720,0.00023,66.5,65.5,66.7,66.11,66.37
AURA33,2021-05-27 00:00:00,DR3,5006,0.00187,142725,9518805,0.00021999999999999998,67.2,66.01,67.59,66.69,66.2
AURA33,2021-05-26 00:00:00,DR3,5983,0.00242,214458,14253034,0.00052,67.78,64.37,67.78,66.46,66.8
AURA33,2021-05-25 00:00:00,DR3,6372,0.00261,510283,34265750,0.00133,68.21,66.56,68.59,67.15,67.15
AURA33,2021-05-24 00:00:00,DR3,6792,0.00266,174170,11837093,0.00045,69.2,66.8,69.24,67.96,67.85
AURA33,2021-05-21 00:00:00,DR3,7775,0.0033,273320,18717209,0.00066,66.8,66.6,69.2,68.48,68.71
AURA33,2021-05-20 00:00:00,DR3,8005,0.0034000000000000002,198729,13346342,0.00052,67.5,66.01,68.18,67.15,67.0
AURA33,2021-05-19 00:00:00,DR3,16687,0.00602,204149,13755619,0.00047,67.7,65.9,68.2,67.38,67.77
AURA33,2021-05-18 00:00:00,DR3,6654,0.0028000000000000004,281032,18779911,0.00075,65.56,64.96,67.7,66.82,67.54
AURA33,2021-05-17 00:00:00,DR3,5788,0.0023799999999999997,143769,9341166,0.00037999999999999997,63.83,63.83,65.7,64.97,65.48
AURA33,2021-05-14 00:00:00,DR3,10824,0.00376,242871,15515086,0.0005,64.3,63.42,64.73,63.88,63.8
AURA33,2021-05-13 00:00:00,DR3,4699,0.00157,130986,8377359,0.00027,64.3,63.0,65.2,63.95,64.27
AURA33,2021-05-12 00:00:00,DR3,7602,0.00245,151482,9852414,0.00026,65.5,64.0,66.38,65.04,64.3
AURA33,2021-05-11 00:00:00,DR3,8287,0.0034200000000000003,337824,21981443,0.0008,64.79,63.5,65.48,65.06,65.48
AURA33,2021-05-10 00:00:00,DR3,9431,0.0034100000000000003,257778,16661679,0.00058,65.2,63.4,65.74,64.63,64.75
AURA33,2021-05-07 00:00:00,DR3,5708,0.0022,223029,14080309,0.00049,62.05,62.05,63.68,63.13,63.4
AURA33,2021-05-06 00:00:00,DR3,5104,0.002,154309,9479065,0.00033,61.13,60.85,61.97,61.42,61.9
AURA33,2021-05-05 00:00:00,DR3,5979,0.00229,291198,17798878,0.00063,61.97,60.5,62.02,61.12,60.9
AURA33,2021-05-04 00:00:00,DR3,4211,0.00145,131503,8137153,0.00028000000000000003,61.74,61.0,62.44,61.87,61.97
AURA33,2021-05-03 00:00:00,DR3,8589,0.00266,184055,11397798,0.00039,62.0,61.0,62.99,61.92,61.73
AURA33,2021-04-30 00:00:00,DR3,3430,0.00106,75146,4676278,0.00012,62.47,61.64,62.84,62.22,62.0
AURA33,2021-04-29 00:00:00,DR3,6370,0.0022400000000000002,134589,8364802,0.00029,63.0,61.11,63.26,62.15,61.73
AURA33,2021-04-28 00:00:00,DR3,6387,0.0025900000000000003,139038,8702308,0.00031,62.5,61.97,63.39,62.58,62.85
AURA33,2021-04-27 00:00:00,DR3,6258,0.0023899999999999998,160199,9998461,0.00035999999999999997,63.45,61.61,63.66,62.41,61.9
AURA33,2021-04-26 00:00:00,DR3,6737,0.0028199999999999996,159642,10138698,0.00043999999999999996,64.01,62.0,64.89,63.5,62.89
AURA33,2021-04-23 00:00:00,DR3,5640,0.00208,170928,10841704,0.00043999999999999996,63.75,62.7,64.0,63.42,63.8
AURA33,2021-04-22 00:00:00,DR3,3937,0.00151,94537,5988949,0.00021999999999999998,64.2,62.85,64.69,63.35,63.0
AURA33,2021-04-20 00:00:00,DR3,3657,0.00158,150931,9626794,0.00037999999999999997,64.8,61.8,65.2,63.78,64.2
AURA33,2021-04-19 00:00:00,DR3,11644,0.00436,203780,13279784,0.00043,65.5,63.5,66.71,65.16,64.7
AURA33,2021-04-16 00:00:00,DR3,16660,0.00664,307653,20040957,0.00074,63.51,63.5,66.0,65.14,65.4
AURA33,2021-04-15 00:00:00,DR3,5570,0.00229,160855,10107007,0.00039,62.4,62.14,63.21,62.83,63.2
AURA33,2021-04-14 00:00:00,DR3,8346,0.00318,166970,10273473,0.00023,61.4,60.7,62.42,61.52,61.69
AURA33,2021-04-13 00:00:00,DR3,6196,0.00261,132601,8083051,0.0003,60.26,60.07,61.37,60.95,61.1
AURA33,2021-04-12 00:00:00,DR3,5787,0.00267,117463,7041722,0.00032,60.0,59.07,60.61,59.94,60.05
AURA33,2021-04-09 00:00:00,DR3,6548,0.00272,186911,11249514,0.00048,60.0,59.74,60.89,60.18,59.81
AURA33,2021-04-08 00:00:00,DR3 ED,3367,0.0014099999999999998,124949,7398143,0.00028000000000000003,58.6,58.6,59.6,59.2,59.5
AURA33,2021-04-07 00:00:00,DR3 ED,3054,0.00128,87895,5142768,0.0002,58.0,57.97,58.96,58.51,58.55
AURA33,2021-04-06 00:00:00,DR3 ED,4183,0.0018599999999999999,216904,12525624,0.00055,57.65,56.99,58.4,57.74,58.4
AURA33,2021-04-05 00:00:00,DR3 ED,4923,0.00212,165127,9468524,0.00041,57.79,56.85,58.9,57.34,57.0
AURA33,2021-04-01 00:00:00,DR3 ED,6822,0.00269,382094,22133635,0.00089,58.78,57.5,59.3,57.92,57.77
AURA33,2021-03-31 00:00:00,DR3 ED,4387,0.00153,201169,11896021,0.00041,58.98,58.1,59.99,59.13,58.8
AURA33,2021-03-30 00:00:00,DR3 ED,8008,0.00297,313076,18705479,0.00073,61.75,57.99,61.75,59.74,58.7
AURA33,2021-03-29 00:00:00,DR3 ED,8646,0.0034699999999999996,389336,24050252,0.00101,63.1,60.0,63.1,61.77,61.75
AURA33,2021-03-26 00:00:00,DR3,7532,0.00322,581964,39602172,0.00154,67.1,66.1,69.24,68.04,69.0
AURA33,2021-03-25 00:00:00,DR3,12371,0.00446,322597,21244564,0.0007099999999999999,65.12,64.75,67.97,65.85,67.0
AURA33,2021-03-24 00:00:00,DR3,8670,0.0032300000000000002,171512,11201340,0.0004,65.1,64.81,65.86,65.3,64.86
AURA33,2021-03-23 00:00:00,DR3,2618,0.0011,147339,9596100,0.00039,65.11,64.8,65.5,65.12,64.98
AURA33,2021-03-22 00:00:00,DR3,4712,0.00193,186236,12129795,0.0005099999999999999,65.01,64.65,66.5,65.13,65.0
AURA33,2021-03-19 00:00:00,DR3,9420,0.0035199999999999997,207666,13520208,0.00035999999999999997,65.2,64.22,65.7,65.1,65.0
AURA33,2021-03-18 00:00:00,DR3,11848,0.00422,385817,24679756,0.0008500000000000001,63.4,62.52,65.2,63.96,65.2
AURA33,2021-03-17 00:00:00,DR3,12560,0.00433,585555,36599103,0.00099,61.0,60.95,63.1,62.5,63.0
AURA33,2021-03-16 00:00:00,DR3,17417,0.00715,706245,42472672,0.0017699999999999999,58.51,58.51,61.69,60.13,60.0
AURA33,2021-03-15 00:00:00,DR3,3387,0.0014000000000000002,46754,2631694,0.0001,56.68,56.05,56.91,56.28,56.15
AURA33,2021-03-12 00:00:00,DR3,3156,0.0012900000000000001,53538,3061424,0.00012,57.69,56.0,58.04,57.18,56.68
AURA33,2021-03-11 00:00:00,DR3,5308,0.00156,57921,3358188,8.999999999999999e-05,58.57,57.32,58.7,57.97,57.7
AURA33,2021-03-10 00:00:00,DR3,5351,0.0015199999999999999,158458,9216305,0.00026,58.5,57.36,58.87,58.16,58.3
AURA33,2021-03-09 00:00:00,DR3,8972,0.00253,184282,10821219,0.00029,58.67,57.75,59.73,58.72,58.21
AURA33,2021-03-08 00:00:00,DR3,2595,0.00067,83943,4867336,0.00012,58.61,57.22,58.63,57.98,58.57
AURA33,2021-03-05 00:00:00,DR3,2920,0.00079,81854,4760262,0.00010999999999999999,58.29,57.5,58.6,58.15,58.54
AURA33,2021-03-04 00:00:00,DR3,3342,0.00089,146159,8489751,0.0002,57.5,56.9,59.0,58.08,58.3
AURA33,2021-03-03 00:00:00,DR3,5122,0.0012,205387,11727975,0.00027,57.67,55.11,58.0,57.1,57.7
AURA33,2021-03-02 00:00:00,DR3,5839,0.0013700000000000001,282901,15789462,0.00037999999999999997,55.68,54.5,57.5,55.81,57.5
AURA33,2021-03-01 00:00:00,DR3,4255,0.00125,108674,5783697,0.00017999999999999998,53.65,51.84,55.0,53.22,53.65
AURA33,2021-02-26 00:00:00,DR3,4149,0.00113,110995,6006951,0.00013,55.3,53.4,55.4,54.11,53.5
AURA33,2021-02-25 00:00:00,DR3,2225,0.00067,79793,4412991,0.00012,56.0,54.85,56.0,55.3,55.3
AURA33,2021-02-24 00:00:00,DR3,3551,0.00116,90083,5030909,0.00015,56.3,55.2,56.99,55.84,55.6
AURA33,2021-02-23 00:00:00,DR3,4569,0.00115,139683,7821281,0.00017999999999999998,55.84,55.04,57.25,55.99,55.92
AURA33,2021-02-22 00:00:00,DR3,7027,0.00122,264140,14442857,0.00024,55.5,53.62,55.85,54.67,55.85
AURA33,2021-02-19 00:00:00,DR3,8345,0.00301,270948,14832933,0.00046,56.45,53.52,56.45,54.74,55.5
AURA33,2021-02-18 00:00:00,DR3,5430,0.0017399999999999998,187144,10493635,0.00031,57.48,55.5,58.17,56.07,55.9
AURA33,2021-02-17 00:00:00,DR3,5347,0.00247,150585,8530823,0.00021999999999999998,56.8,55.49,57.4,56.65,56.8
AURA33,2021-02-12 00:00:00,DR3,5992,0.0028199999999999996,173703,9995864,0.00045,58.59,56.82,59.06,57.54,56.98
AURA33,2021-02-11 00:00:00,DR3,4219,0.00178,82551,4827544,0.00017999999999999998,58.06,58.06,59.77,58.47,58.49
AURA33,2021-02-10 00:00:00,DR3,8048,0.0027900000000000004,112965,6620028,0.00021999999999999998,59.52,58.11,60.36,58.6,58.37
AURA33,2021-02-09 00:00:00,DR3,7124,0.00296,297088,17743017,0.00065,61.01,59.34,61.45,59.72,59.45
AURA33,2021-02-08 00:00:00,DR3,3172,0.0012,112146,6842398,0.00024,61.4,60.7,61.79,61.01,61.0
AURA33,2021-02-05 00:00:00,DR3,4962,0.0020399999999999997,81693,5038076,0.00017999999999999998,62.1,60.7,63.17,61.67,61.4
AURA33,2021-02-04 00:00:00,DR3,3119,0.00127,98298,6117036,0.00021999999999999998,62.7,61.5,63.3,62.22,62.2
AURA33,2021-02-03 00:00:00,DR3,8797,0.00329,183049,11404115,0.00039,61.53,61.02,63.59,62.3,62.3
AURA33,2021-02-02 00:00:00,DR3,2943,0.0008699999999999999,66097,4050344,0.00012,61.58,60.75,61.98,61.27,60.9
AURA33,2021-02-01 00:00:00,DR3,1204,0.00041,63614,3927906,0.00014000000000000001,62.0,61.2,62.2,61.74,61.5
AURA33,2021-01-29 00:00:00,DR3,2051,0.00075,110636,6775330,0.00021999999999999998,60.72,60.05,62.0,61.23,61.2
AURA33,2021-01-28 00:00:00,DR3,2643,0.00096,78074,4652842,0.00015,59.62,58.0,60.47,59.59,60.05
AURA33,2021-01-27 00:00:00,DR3,4108,0.0013900000000000002,90375,5382643,0.00017,61.39,56.0,61.39,59.55,58.65
AURA33,2021-01-26 00:00:00,DR3,2225,0.0007099999999999999,97092,5952978,0.00018999999999999998,60.21,60.18,62.0,61.31,61.2
AURA33,2021-01-22 00:00:00,DR3,1993,0.00075,105049,6351657,0.00023,60.94,59.23,61.01,60.46,60.5
AURA33,2021-01-21 00:00:00,DR3,3243,0.00123,166971,10260749,0.00035999999999999997,62.33,61.02,62.36,61.45,61.02
AURA33,2021-01-20 00:00:00,DR3,4558,0.00191,105178,6462547,0.00025,62.27,60.61,62.27,61.44,62.15
AURA33,2021-01-19 00:00:00,DR3,4493,0.00188,103774,6403487,0.00024,62.19,61.21,62.78,61.7,61.21
AURA33,2021-01-18 00:00:00,DR3,5902,0.003,235972,14757052,0.00066,62.87,61.5,63.89,62.53,61.67
AURA33,2021-01-15 00:00:00,DR3,6966,0.0027700000000000003,366277,22821001,0.0007599999999999999,62.01,61.51,64.0,62.3,62.0
AURA33,2021-01-14 00:00:00,DR3,2478,0.00099,104000,6404326,0.00023,62.25,60.87,62.82,61.58,61.3
AURA33,2021-01-13 00:00:00,DR3,1523,0.00058,74441,4609844,0.0001,62.53,61.0,62.56,61.92,62.05
AURA33,2021-01-12 00:00:00,DR3,3168,0.0011200000000000001,154661,9624289,0.00032,62.0,61.65,62.93,62.22,62.3
AURA33,2021-01-11 00:00:00,DR3,2841,0.00099,134825,8467261,0.00027,62.91,61.06,64.92,62.8,61.2
AURA33,2021-01-08 00:00:00,DR3,10902,0.00361,241566,15213533,0.0004,64.59,61.7,65.49,62.97,62.5
AURA33,2021-01-07 00:00:00,DR3,10012,0.00315,258890,17001864,0.00046,65.98,64.28,66.89,65.67,64.28
AURA33,2021-01-06 00:00:00,DR3,15729,0.0049499999999999995,560418,36352397,0.00099,66.8,63.0,69.0,64.86,64.9
AURA33,2021-01-05 00:00:00,DR3,16655,0.0059499999999999996,332950,21945484,0.00078,63.07,63.06,69.24,65.91,66.46
AURA33,2021-01-04 00:00:00,DR3,6930,0.0026,177888,11032159,0.00041,61.24,60.08,65.14,62.01,63.0
AURA33,2020-12-30 00:00:00,DR3,6613,0.0030499999999999998,182636,10942120,0.0004,59.39,59.03,60.99,59.91,60.7
AURA33,2020-12-29 00:00:00,DR3,5885,0.0028599999999999997,154632,9069322,0.0005,58.23,58.0,59.43,58.65,59.0
AURA33,2020-12-28 00:00:00,DR3,5139,0.00266,137763,7958667,0.00042,57.13,57.02,58.23,57.77,58.11
AURA33,2020-12-23 00:00:00,DR3,2090,0.00114,47385,2674211,0.00014000000000000001,56.49,55.16,57.34,56.43,57.13
AURA33,2020-12-22 00:00:00,DR3,1901,0.001,36013,2015110,0.0001,56.3,55.25,56.99,55.95,55.8
AURA33,2020-12-21 00:00:00,DR3,2211,0.0008699999999999999,74171,4179823,0.00015,56.55,55.75,57.39,56.35,56.0
AURA33,2020-12-18 00:00:00,DR3,3153,0.0013700000000000001,46605,2645878,0.0001,56.64,56.3,57.6,56.77,56.52
AURA33,2020-12-17 00:00:00,DR3,6990,0.00308,225868,12821103,0.00053,56.1,56.06,57.5,56.76,56.63
AURA33,2020-12-16 00:00:00,DR3,8114,0.0028000000000000004,198927,11219637,0.00016,56.25,55.36,57.71,56.4,55.65
AURA33,2020-12-15 00:00:00,DR3,2256,0.00098,73736,4056306,0.00016,54.01,54.01,55.94,55.01,55.5
AURA33,2020-12-14 00:00:00,DR3,16062,0.0069099999999999995,125784,6842586,0.00029,54.79,53.65,55.5,54.39,54.6
AURA33,2020-12-11 00:00:00,DR3,14115,0.005560000000000001,103862,5682675,0.00023,55.5,54.13,55.94,54.71,54.75
AURA33,2020-12-10 00:00:00,DR3,5940,0.00214,115073,6386040,0.00017999999999999998,56.4,54.63,56.83,55.49,55.45
AURA33,2020-12-09 00:00:00,DR3,3396,0.0013800000000000002,87904,4973754,0.00018999999999999998,57.34,56.06,57.34,56.58,56.4
AURA33,2020-12-08 00:00:00,DR3,6083,0.0025900000000000003,84226,4828957,0.00018999999999999998,57.12,56.94,57.79,57.33,56.94
AURA33,2020-12-07 00:00:00,DR3,3762,0.00148,122253,7012503,0.00026,57.6,56.96,58.13,57.36,57.3
AURA33,2020-12-04 00:00:00,DR3,3516,0.00136,128373,7389670,0.00026,57.8,57.12,58.34,57.56,57.5
AURA33,2020-12-03 00:00:00,DR3,4550,0.0014199999999999998,260175,14957938,0.00046,57.05,57.0,58.09,57.49,57.7
AURA33,2020-12-02 00:00:00,DR3,3525,0.00132,122978,7097915,0.00023,58.75,57.0,58.79,57.71,57.0
AURA33,2020-12-01 00:00:00,DR3,7506,0.00217,328625,18994118,0.00055,57.7,55.52,59.01,57.79,58.2
AURA33,2020-11-30 00:00:00,DR3,4895,0.00154,133757,7693053,0.00017,57.49,57.02,58.8,57.51,57.5
AURA33,2020-11-27 00:00:00,DR3,3538,0.00157,197858,11294959,0.00045,56.8,56.61,57.83,57.08,57.2
AURA33,2020-11-26 00:00:00,DR3,5900,0.00345,151030,8543853,0.00048,56.17,55.58,57.0,56.57,57.0
AURA33,2020-11-25 00:00:00,DR3,3026,0.00113,125273,6978261,0.00027,55.98,55.15,56.53,55.7,55.32
AURA33,2020-11-24 00:00:00,DR3,7446,0.0023799999999999997,440385,24302238,0.00073,56.9,54.45,57.17,55.18,55.0
AURA33,2020-11-23 00:00:00,DR3,11669,0.00487,641761,37306403,0.0014399999999999999,58.0,56.4,59.92,58.13,56.4
AURA33,2020-11-20 00:00:00,DR3,6805,0.0034000000000000002,417453,23403361,0.0011899999999999999,54.45,54.35,58.79,56.06,56.0
AURA33,2020-11-19 00:00:00,DR3 ATZ,7299,0.00308,386455,20332986,0.00083,51.42,50.9,56.0,52.61,53.4
AURA33,2020-11-18 00:00:00,DR3 ATZ,2697,0.00098,114156,5803399,0.00017,50.3,49.85,52.79,50.83,50.14
AURA33,2020-11-17 00:00:00,DR3 ATZ,2839,0.00097,136705,6889206,0.00021999999999999998,49.61,49.61,50.95,50.39,49.8
AURA33,2020-11-16 00:00:00,DR3 ATZ,3773,0.00125,192275,9624048,0.00029,50.86,49.52,53.0,50.05,50.01
AURA33,2020-11-13 00:00:00,DR3 ATZ,2160,0.00077,366667,18316858,0.00067,47.0,47.0,50.84,49.95,50.3
AURA33,2020-11-12 00:00:00,DR3 ATZ,1086,0.00037,98666,4744237,0.00017,48.69,46.51,48.95,48.08,48.0
AURA33,2020-11-11 00:00:00,DR3 ATZ,2621,0.0008799999999999999,131736,6322423,0.00021999999999999998,47.75,45.9,49.0,47.99,48.5
AURA33,2020-11-10 00:00:00,DR3 ATZ,694,0.00017999999999999998,49478,2386027,5e-05,49.19,47.7,49.5,48.22,48.25
AURA32,2020-11-09 00:00:00,DR2,5217,0.00124,96303,4747161,0.00010999999999999999,49.97,48.5,50.89,49.29,48.5
AURA32,2020-11-06 00:00:00,DR2,3776,0.00154,66978,3360470,0.00015,50.46,49.5,50.63,50.17,50.4
AURA32,2020-11-05 00:00:00,DR2,4420,0.00151,65163,3253437,0.00012,50.43,49.4,50.49,49.92,50.0
AURA32,2020-11-04 00:00:00,DR2,3988,0.0013700000000000001,31328,1587208,6e-05,51.3,49.76,52.94,50.66,49.76
AURA32,2020-11-03 00:00:00,DR2,2402,0.00077,26092,1306883,5e-05,49.9,49.5,50.5,50.08,50.5
AURA32,2020-10-30 00:00:00,DR2,2744,0.00091,69811,3468735,0.00013,49.39,49.2,50.1,49.68,49.5
AURA32,2020-10-29 00:00:00,DR2,3082,0.00097,59410,2945068,0.0001,50.62,48.7,50.62,49.57,50.32
AURA32,2020-10-28 00:00:00,DR2,1138,0.00042,23335,1169644,4e-05,50.5,48.5,50.5,50.12,50.29
AURA32,2020-10-27 00:00:00,DR2,2148,0.00097,53577,2724234,0.00012,51.25,50.2,51.95,50.84,50.87
AURA32,2020-10-26 00:00:00,DR2,890,0.00043,13378,691168,3e-05,51.99,51.25,52.1,51.66,51.25
AURA32,2020-10-23 00:00:00,DR2,4866,0.0023499999999999997,65480,3369439,0.00016,52.5,50.6,52.76,51.45,51.99
AURA32,2020-10-22 00:00:00,DR2,1369,0.0005899999999999999,88928,4741379,0.00017999999999999998,53.4,52.24,53.98,53.31,52.5
AURA32,2020-10-21 00:00:00,DR2,2604,0.00109,61695,3258973,0.00014000000000000001,53.0,51.56,53.4,52.82,53.4
AURA32,2020-10-20 00:00:00,DR2,14057,0.00622,189744,9779964,0.00043,52.41,50.2,53.46,51.54,52.87
AURA32,2020-10-19 00:00:00,DR2,5295,0.00213,183557,9437643,0.00039,51.8,50.75,52.21,51.41,52.0
AURA32,2020-10-16 00:00:00,DR2,14274,0.00594,136119,7057254,0.00035000000000000005,52.8,47.8,54.06,51.84,51.27
AURA32,2020-10-15 00:00:00,DR2,1426,0.00058,67251,3490630,0.00016,53.31,51.5,54.11,51.9,53.07
AURA32,2020-10-14 00:00:00,DR2,1641,0.00067,23455,1252531,4e-05,54.51,52.36,54.51,53.4,53.21
AURA32,2020-10-13 00:00:00,DR2,1693,0.00068,36370,2004552,8.999999999999999e-05,56.5,54.01,57.01,55.11,54.45
AURA32,2020-10-09 00:00:00,DR2,2495,0.0009,75392,4150208,0.00015,53.76,53.75,55.58,55.04,55.5
AURA32,2020-10-08 00:00:00,DR2,1883,0.0008100000000000001,305100,15850799,0.00063,54.0,50.0,54.5,51.95,54.5
AURA32,2020-10-07 00:00:00,DR2,3299,0.00134,56274,3026036,0.00013,56.01,53.02,56.02,53.77,53.5
AURA32,2020-10-06 00:00:00,DR2,1952,0.00075,30296,1693163,7.000000000000001e-05,57.0,55.55,58.46,55.88,55.65
AURA32,2020-10-05 00:00:00,DR2,2119,0.00096,24291,1371228,7.000000000000001e-05,57.49,55.12,58.49,56.45,55.78
AURA32,2020-10-02 00:00:00,DR2,5690,0.00253,96333,5548431,0.00025,59.49,56.1,59.86,57.59,56.1
AURA32,2020-10-01 00:00:00,DR2,2391,0.00097,77222,4601628,0.0002,61.0,58.15,61.0,59.58,59.49
AURA32,2020-09-30 00:00:00,DR2,1352,0.00055,40538,2455680,0.0001,61.19,59.7,61.19,60.57,61.0
AURA32,2020-09-29 00:00:00,DR2,776,0.00032,12721,778310,4e-05,60.26,60.26,61.4,61.18,61.19
AURA32,2020-09-28 00:00:00,DR2,1156,0.00042,12656,773995,3e-05,60.01,60.01,63.42,61.15,61.33
AURA32,2020-09-25 00:00:00,DR2,138,7.000000000000001e-05,76600,4513332,0.00025,59.5,57.01,61.27,58.92,61.27
AURA32,2020-09-24 00:00:00,DR2,136,6e-05,20400,1244480,5e-05,62.0,60.24,62.0,61.0,60.6
AURA32,2020-09-23 00:00:00,DR2,168,7.000000000000001e-05,38700,2429548,0.0001,64.8,61.6,64.8,62.77,62.48
AURA32,2020-09-22 00:00:00,DR2,80,4e-05,76800,4997481,0.00026,65.5,64.52,65.64,65.07,65.1
AURA32,2020-09-21 00:00:00,DR2,288,0.00012,41400,2692061,0.00010999999999999999,64.05,63.9,65.97,65.02,65.95
AURA32,2020-09-18 00:00:00,DR2,63,2e-05,9100,591819,2e-05,65.9,64.06,65.9,65.03,65.69
AURA32,2020-09-17 00:00:00,DR2,264,0.00013,40600,2656713,0.00013,64.79,64.52,66.2,65.43,64.79
AURA32,2020-09-16 00:00:00,DR2,36,2e-05,6100,397508,2e-05,65.49,64.78,65.9,65.16,65.05
AURA32,2020-09-15 00:00:00,DR2,227,0.0001,35800,2337560,0.0001,63.99,63.99,66.0,65.29,65.2
AURA32,2020-09-14 00:00:00,DR2,370,0.00016,59700,3782383,0.00017,60.82,60.5,65.98,63.35,64.0
AURA32,2020-09-11 00:00:00,DR2,555,0.0002,120300,7386216,0.00028000000000000003,63.5,60.1,63.5,61.39,62.78
AURA32,2020-09-10 00:00:00,DR2,138,6e-05,42900,2748247,0.00010999999999999999,64.61,63.2,64.61,64.06,63.88
AURA32,2020-09-09 00:00:00,DR2,214,8.999999999999999e-05,60700,3959274,0.00017999999999999998,65.51,64.81,66.0,65.22,65.0
AURA32,2020-09-08 00:00:00,DR2,248,0.0001,56700,3730278,0.00015,67.26,64.71,67.26,65.78,66.35
AURA32,2020-09-04 00:00:00,DR2 EB,242,8e-05,66500,4332501,0.00013,65.99,64.16,66.0,65.15,66.0
AURA32,2020-09-03 00:00:00,DR2 EB,398,0.00012,61600,3992991,0.00010999999999999999,65.0,63.53,66.4,64.82,66.4
AURA32,2020-09-02 00:00:00,DR2 EB,91,4e-05,18200,1178713,6e-05,65.5,63.99,65.51,64.76,64.95
AURA32,2020-09-01 00:00:00,DR2 EB,244,8.999999999999999e-05,56100,3680805,0.00014000000000000001,66.49,64.76,66.49,65.61,65.5
AURA32,2020-08-31 00:00:00,DR2 EB,213,8.999999999999999e-05,33800,2218877,7.000000000000001e-05,65.75,64.22,66.0,65.64,66.0
AURA32,2020-08-28 00:00:00,DR2 EB,386,0.00017,66800,4351195,0.0002,65.74,64.0,65.95,65.13,65.95
AURA32,2020-08-27 00:00:00,DR2 EB,572,0.00026,167000,10794635,0.00052,64.9,63.26,65.89,64.63,64.5
AURA32,2020-08-26 00:00:00,DR2 EB,565,0.0002,92400,5884461,0.00021999999999999998,63.18,61.0,65.89,63.68,65.0
AURA32,2020-08-25 00:00:00,DR2,47,2e-05,6600,6123628,0.00028000000000000003,950.02,902.03,950.02,927.82,950.0
AURA32,2020-08-24 00:00:00,DR2,33,1e-05,5500,5308516,0.00025,969.99,950.0,980.0,965.18,950.0
AURA32,2020-08-21 00:00:00,DR2,32,1e-05,8000,7702264,0.00034,971.0,959.99,975.0,962.78,975.0
AURA32,2020-08-20 00:00:00,DR2,51,2e-05,5400,5243565,0.0002,970.0,969.0,980.0,971.03,980.0
AURA32,2020-08-19 00:00:00,DR2,11,0.0,1200,1158300,4e-05,974.0,950.0,975.0,965.25,968.5
AURA32,2020-08-18 00:00:00,DR2,48,2e-05,6800,6572816,0.00024,966.0,960.0,974.0,966.59,967.0
AURA32,2020-08-17 00:00:00,DR2,87,3e-05,18600,17529307,0.0005899999999999999,930.0,930.0,958.0,942.43,950.0
AURA32,2020-08-14 00:00:00,DR2,4,0.0,900,829879,3e-05,919.0,919.0,930.0,922.08,924.8
AURA32,2020-08-13 00:00:00,DR2,18,1e-05,1900,1739276,6e-05,918.0,885.02,919.99,915.4,919.99
AURA32,2020-08-12 00:00:00,DR2,28,1e-05,2800,2526713,6e-05,900.01,896.99,924.93,902.39,896.99
AURA32,2020-08-11 00:00:00,DR2,25,1e-05,3800,3425514,0.00013,905.01,900.0,910.06,901.45,900.0
AURA32,2020-08-10 00:00:00,DR2,23,1e-05,3300,3122801,0.00014000000000000001,940.0,920.01,968.0,946.3,954.0
AURA32,2020-08-07 00:00:00,DR2,42,2e-05,4900,4613457,0.00017,938.0,935.0,948.0,941.52,948.0
AURA32,2020-08-06 00:00:00,DR2,58,2e-05,7800,7274196,0.0003,932.0,927.0,938.5,932.58,935.0
AURA32,2020-08-05 00:00:00,DR2,69,3e-05,27900,25126584,0.00089,899.99,890.0,924.99,900.59,916.5
AURA32,2020-08-04 00:00:00,DR2,10,0.0,1900,1644717,4e-05,890.0,850.01,897.99,865.64,897.99
AURA32,2020-08-03 00:00:00,DR2,15,1e-05,1800,1594611,6e-05,840.0,825.11,899.0,885.89,899.0
AURA32,2020-07-31 00:00:00,DR2,29,1e-05,13800,11409922,0.00035999999999999997,819.99,819.99,840.0,826.8,840.0
AURA32,2020-07-30 00:00:00,DR2,14,1e-05,5600,4591977,0.00017,820.0,819.99,820.04,819.99,819.99
AURA32,2020-07-29 00:00:00,DR2,20,1e-05,5400,4483576,0.00017,828.0,822.0,839.99,830.29,822.0
AURA32,2020-07-28 00:00:00,DR2,60,2e-05,8100,6783217,0.00027,844.99,830.0,848.99,837.43,835.51
AURA32,2020-07-27 00:00:00,DR2,79,3e-05,23200,19371796,0.00075,835.0,820.0,844.05,834.99,830.0
AURA32,2020-07-24 00:00:00,DR2,40,2e-05,15100,12070547,0.00048,810.0,790.0,810.0,799.37,800.0
AURA32,2020-07-23 00:00:00,DR2,59,2e-05,10300,8245460,0.00031,799.0,790.0,818.0,800.53,790.0
AURA32,2020-07-22 00:00:00,DR2,26,1e-05,3700,2828445,0.00010999999999999999,770.0,758.0,775.0,764.44,775.0
AURA32,2020-07-21 00:00:00,DR2,38,1e-05,6300,4827558,0.00016,758.01,758.0,775.0,766.27,770.0
AURA32,2020-07-20 00:00:00,DR2,50,2e-05,8100,6163123,0.00025,780.0,750.01,780.0,760.87,758.0
AURA32,2020-07-17 00:00:00,DR2,108,4e-05,20100,15055218,0.00057,730.0,730.0,780.0,749.01,780.0
AURA32,2020-07-16 00:00:00,DR2,48,2e-05,7100,5123037,0.00024,750.0,701.26,750.0,721.55,725.0
AURA32,2020-07-15 00:00:00,DR2,48,2e-05,6400,4792169,0.00015,768.0,733.21,769.01,748.77,734.0
AURA32,2020-07-14 00:00:00,DR2,44,2e-05,6700,5101386,0.00018999999999999998,770.06,752.01,771.0,761.4,768.01
AURA32,2020-07-13 00:00:00,DR2,46,2e-05,6900,5378158,0.00021,820.0,769.0,820.0,779.44,770.06
AURA32,2020-07-10 00:00:00,DR2,67,3e-05,10500,8507871,0.00039,819.99,800.0,820.0,810.27,820.0
AURA32,2020-07-09 00:00:00,DR2,33,2e-05,9400,7576969,0.00031,820.0,800.0,879.8,806.06,819.99
AURA32,2020-07-08 00:00:00,DR2 ATZ,82,4e-05,19200,15297753,0.00063,774.99,774.99,850.0,796.75,820.0
AURA32,2020-07-07 00:00:00,DR2 ATZ,27,1e-05,3800,2909576,0.00012,769.8,757.45,779.98,765.67,774.99
AURA32,2020-07-06 00:00:00,DR2 ATZ,67,3e-05,33900,25855039,0.00106,815.0,740.0,815.0,762.68,769.8
 
