BRZI,2011-06
BRZI,2011-05
BRZI,2011-04
BRZI,2011-03
BRZI,2011-02
BRZI,2011-01
BRZI,2010-12
BRZI,2010-11
BRZI,2010-10
BRZI,2010-09
BRZI,2010-08
BRZI,2010-07
BRZI,2010-06
BRZI,2010-05
BRZI,2010-04
BRZI,2010-03
BRZI,2010-02
BRZI,2010-01
BRZI,2009-12
BRZI,2009-11
BRZI,2009-10
BRZI,2009-09
BRZI,2009-08
BRZI,2009-07
BRZI,2009-06
BRZI,2009-05
BRZI,2009-04
BRZI,2009-03
BRZI,2009-02
BRZI,2009-01
BRZI,2008-12
BRZI,2008-11
BRZI,2008-10
BRZI,2008-09
BRZI,2008-08
BRZI,2008-07
BRZI,2008-06
BRZI,2008-05
BRZI,2008-04
BRZI,2008-03
