OULG,2022-03
OULG,2022-02
OULG,2022-01
OULG,2021-12
OULG,2021-11
OULG,2021-10
OULG,2021-09
OULG,2021-08
OULG,2021-07
OULG,2021-06
OULG,2021-05
OULG,2021-04
OULG,2021-03
OULG,2021-02
OULG,2021-01
OULG,2020-12
OULG,2020-11
OULG,2020-10
OULG,2020-09
OULG,2020-08
OULG,2020-07
OULG,2020-06
OULG,2020-05
OULG,2020-04
OULG,2020-03
OULG,2020-02
OULG,2020-01
OULG,2019-12
OULG,2019-11
OULG,2019-10
OULG,2019-09
OULG,2019-08
OULG,2019-07
OULG,2019-06
OULG,2019-05
OULG,2019-04
OULG,2019-03
OULG,2019-02
OULG,2019-01
OULG,2018-12
OULG,2018-11
