OMNV,2012-09
OMNV,2012-08
OMNV,2012-07
OMNV,2012-06
OMNV,2012-05
OMNV,2012-04
OMNV,2012-03
OMNV,2012-02
OMNV,2012-01
OMNV,2011-12
OMNV,2011-11
OMNV,2011-10
OMNV,2011-09
OMNV,2011-08
OMNV,2011-07
OMNV,2011-06
OMNV,2011-05
OMNV,2011-04
OMNV,2011-03
OMNV,2011-02
OMNV,2011-01
OMNV,2010-12
OMNV,2010-11
OMNV,2010-10
OMNV,2010-09
OMNV,2010-08
OMNV,2010-07
OMNV,2010-06
OMNV,2010-05
OMNV,2010-04
OMNV,2010-03
OMNV,2010-02
OMNV,2010-01
OMNV,2009-12
OMNV,2009-11
OMNV,2009-10
OMNV,2009-09
OMNV,2009-08
OMNV,2009-07
OMNV,2009-06
OMNV,2009-05
OMNV,2009-04
OMNV,2009-03
OMNV,2009-02
OMNV,2009-01
OMNV,2008-12
OMNV,2008-11
OMNV,2008-10
OMNV,2008-09
OMNV,2008-08
OMNV,2008-07
OMNV,2008-06
OMNV,2008-05
OMNV,2008-04
OMNV,2008-03
OMNV,2008-02
OMNV,2008-01
OMNV,2007-12
OMNV,2007-11
OMNV,2007-10
OMNV,2007-09
OMNV,2007-08
OMNV,2007-07
OMNV,2007-06
OMNV,2007-05
OMNV,2007-04
OMNV,2007-03
OMNV,2007-02
OMNV,2007-01
OMNV,2006-12
OMNV,2006-11
OMNV,2006-10
OMNV,2006-09
OMNV,2006-08
OMNV,2006-07
OMNV,2006-06
OMNV,2006-05
OMNV,2006-04
OMNV,2006-03
OMNV,2006-02
OMNV,2006-01
OMNV,2005-12
OMNV,2005-11
OMNV,2005-10
OMNV,2005-09
OMNV,2005-08
OMNV,2005-07
OMNV,2005-06
OMNV,2005-05
OMNV,2005-04
OMNV,2005-03
OMNV,2005-02
OMNV,2005-01
OMNV,2004-12
OMNV,2004-11
OMNV,2004-10
OMNV,2004-09
OMNV,2004-08
OMNV,2004-07
OMNV,2004-06
OMNV,2004-05
OMNV,2004-04
OMNV,2004-01
OMNV,2003-12
