USSX,2022-03
USSX,2022-02
USSX,2022-01
USSX,2021-12
USSX,2021-11
USSX,2021-10
USSX,2021-09
USSX,2021-08
USSX,2021-07
USSX,2021-06
USSX,2021-05
USSX,2021-04
USSX,2021-03
USSX,2021-02
USSX,2021-01
USSX,2020-12
USSX,2020-11
USSX,2020-10
USSX,2020-09
USSX,2020-08
USSX,2020-07
USSX,2020-06
USSX,2020-05
USSX,2020-04
USSX,2020-03
USSX,2020-02
USSX,2020-01
USSX,2019-12
USSX,2019-11
USSX,2019-10
USSX,2019-09
USSX,2019-08
USSX,2019-07
USSX,2019-06
USSX,2019-05
USSX,2019-04
USSX,2019-03
USSX,2019-02
USSX,2019-01
USSX,2018-12
USSX,2018-11
USSX,2018-10
USSX,2018-09
USSX,2018-08
USSX,2018-07
USSX,2018-06
USSX,2018-05
USSX,2018-04
USSX,2018-03
USSX,2018-02
USSX,2018-01
USSX,2017-12
USSX,2017-11
USSX,2017-10
USSX,2017-09
USSX,2017-08
USSX,2017-07
USSX,2017-06
USSX,2017-05
USSX,2017-04
USSX,2017-03
USSX,2017-02
USSX,2017-01
USSX,2016-12
USSX,2016-11
USSX,2016-10
USSX,2016-09
USSX,2016-08
USSX,2016-07
USSX,2016-06
USSX,2016-05
USSX,2013-10
USSX,2013-09
USSX,2013-08
USSX,2013-07
USSX,2013-06
USSX,2013-05
USSX,2013-04
USSX,2013-03
USSX,2013-02
USSX,2013-01
USSX,2012-12
USSX,2012-11
USSX,2012-10
USSX,2012-09
USSX,2012-08
USSX,2012-07
USSX,2012-06
USSX,2012-05
USSX,2012-04
USSX,2012-03
USSX,2012-02
USSX,2012-01
